guid,entropy,max_weight,argmax_weight,min_weight,top3_concentration,gini,gt_label
085679_018047,3.111973,0.066249,17,4.6e-05,0.19032,0.310151,1
044839_098911,1.749099,0.352332,19,1e-06,0.804579,0.837252,1
071730_023148,2.668579,0.170849,13,4e-06,0.413469,0.596796,1
071730_021092,1.702818,0.362807,14,0.0,0.733659,0.845001,1
074187_077699,2.924115,0.155876,12,0.000339,0.308583,0.45715,1
018398_097174,1.576076,0.351432,26,1.8e-05,0.752521,0.853556,1
081778_005998,2.964188,0.096316,5,0.00018,0.260564,0.425198,1
027977_081754,2.856102,0.202195,3,0.000395,0.388113,0.49287,1
027977_015826,2.963073,0.109432,24,1.6e-05,0.288047,0.44898,1
022950_029840,2.709465,0.133384,24,0.000213,0.377945,0.58317,1
041762_063314,2.142679,0.29466,22,4.7e-05,0.623886,0.76293,1
069458_045115,2.647383,0.144073,23,0.0,0.403906,0.606549,1
000796_073195,2.253034,0.259717,18,1.8e-05,0.633501,0.729719,1
000796_020252,2.268255,0.212104,18,5e-06,0.526327,0.732505,1
000796_085018,1.250166,0.658595,19,0.0,0.864774,0.893531,1
072471_099921,2.78216,0.131347,6,2.6e-05,0.324302,0.539053,1
069849_020753,3.011833,0.089333,10,0.000263,0.25919,0.403889,1
069849_045699,2.447554,0.272229,24,6.1e-05,0.588413,0.6584,1
091924_056240,1.917435,0.425684,3,1.2e-05,0.661975,0.802908,1
091924_080634,2.949251,0.110881,25,0.000195,0.284433,0.454208,1
037153_024392,2.389601,0.277038,21,5e-06,0.520266,0.685006,1
034626_052273,0.856623,0.715575,8,0.0,0.954809,0.93138,1
088031_039093,2.442723,0.211256,17,0.000158,0.562992,0.677248,1
034796_081501,3.12815,0.062477,16,0.000192,0.180103,0.280378,1
018765_008213,3.084024,0.068714,24,0.000133,0.203247,0.338044,1
018765_090466,1.363361,0.575498,20,0.0,0.886486,0.886652,1
079472_005369,2.704294,0.238957,25,1.9e-05,0.433488,0.566274,1
079472_098329,2.151183,0.27193,23,5e-06,0.626108,0.763802,1
079472_088003,1.625587,0.351209,23,0.0,0.783515,0.856151,1
079472_054359,3.00314,0.097623,25,0.000141,0.267433,0.420415,1
079472_060075,1.500105,0.402005,25,0.0,0.822355,0.871674,1
019543_015461,3.123121,0.063558,26,0.00035,0.183294,0.293136,1
019543_011553,1.518182,0.32107,18,0.0,0.79746,0.863127,1
019543_079520,3.025696,0.107288,18,0.000193,0.292256,0.398507,1
021595_009190,3.078466,0.0957,15,0.000534,0.233248,0.341116,1
091669_009549,2.196889,0.268125,21,5.3e-05,0.669122,0.736677,1
057742_016070,1.283194,0.602127,12,0.0,0.894776,0.896096,1
057742_030009,2.165755,0.231702,15,0.0,0.566317,0.755812,1
033188_069827,1.314203,0.524946,9,0.0,0.924052,0.893341,1
051780_031630,2.995988,0.117225,22,4.9e-05,0.295486,0.420168,1
051780_081873,3.005908,0.098135,5,0.001958,0.27666,0.416965,1
051780_011400,2.980725,0.115385,22,6.6e-05,0.274068,0.428537,1
016720_093389,2.949268,0.17082,2,0.001125,0.386394,0.415108,1
016720_019013,3.101917,0.079349,13,9.1e-05,0.23075,0.320385,1
028873_057688,3.035676,0.097355,13,2.3e-05,0.244607,0.379515,1
091497_093320,2.987547,0.119835,18,3.8e-05,0.316754,0.42503,1
038532_000109,2.969773,0.172779,26,0.000181,0.322307,0.418833,1
006015_095108,2.428066,0.182207,24,0.0,0.458363,0.679889,1
052612_009940,2.035451,0.398916,4,0.0,0.637636,0.775303,1
093986_026274,1.220932,0.675416,10,4e-06,0.861186,0.893572,1
015336_052205,1.030702,0.659797,24,0.0,0.93535,0.917284,1
015336_047832,2.130891,0.211702,24,1.2e-05,0.551862,0.75625,1
021092_090133,1.974103,0.42322,16,6.2e-05,0.697072,0.791446,1
067342_078774,2.959824,0.09932,25,0.000529,0.276705,0.444296,1
067342_065354,2.849174,0.139357,21,0.000159,0.353586,0.512866,1
065948_008718,2.772728,0.150043,16,8e-06,0.374271,0.549589,1
029110_066994,2.207145,0.199723,20,0.0,0.540033,0.744339,1
009706_004084,3.071775,0.07213,10,5.7e-05,0.197544,0.327213,1
009706_081636,1.889513,0.443546,9,3e-06,0.715946,0.808562,1
085370_010458,2.333028,0.220418,14,1e-06,0.5718,0.710281,1
066346_086447,2.591537,0.28221,16,9.7e-05,0.447424,0.60677,1
004991_089214,0.351838,0.939038,10,6.3e-05,0.977947,0.946888,1
087638_079607,1.910848,0.377496,22,0.0,0.682037,0.810848,1
087638_026397,2.879406,0.108357,18,0.000416,0.288891,0.494278,1
087638_084628,2.012776,0.190284,24,0.0,0.531318,0.774382,1
087638_040919,0.878704,0.779212,26,0.0,0.903535,0.922744,1
087638_034147,1.168052,0.589232,26,0.0,0.936829,0.907587,1
006063_048577,1.562357,0.348567,8,0.0,0.810907,0.86171,1
091987_099288,3.024407,0.096533,20,0.00035,0.249588,0.402385,1
081387_075558,2.732568,0.128638,11,1.4e-05,0.371056,0.569845,1
077998_021854,1.808391,0.311234,18,0.0,0.771696,0.82718,1
042566_070467,2.575642,0.220959,7,0.0,0.426295,0.623198,1
042566_099900,1.99005,0.331378,17,0.0,0.641239,0.796277,1
075950_062330,1.989573,0.271286,16,0.0,0.650018,0.795661,1
046793_041994,2.498146,0.248205,24,3.8e-05,0.513606,0.656418,1
046793_052712,2.86796,0.133409,16,0.000786,0.328251,0.504044,1
055420_084553,3.1586,0.065867,20,0.000296,0.193855,0.264163,1
097530_075667,2.431713,0.166836,26,0.0,0.411939,0.66721,1
068367_074972,3.173618,0.057384,26,0.000317,0.167467,0.238281,1
068367_029480,2.192546,0.302965,24,2e-06,0.563739,0.750037,1
068367_015074,3.159935,0.064873,21,0.000395,0.182442,0.262323,1
068367_065290,2.572429,0.282625,7,2.7e-05,0.462497,0.619654,1
068367_019900,1.64254,0.297208,25,7e-06,0.742491,0.842719,1
029793_031324,1.710647,0.327846,6,1.4e-05,0.799525,0.842384,1
058116_033803,1.348348,0.521279,21,0.000512,0.894999,0.868107,1
058116_018749,0.579399,0.881577,2,1e-06,0.938603,0.93714,1
038540_063446,1.527572,0.551985,14,0.0,0.802711,0.862895,1
059046_085018,2.314205,0.281445,6,2.7e-05,0.581917,0.709247,1
058597_019401,2.554843,0.213718,9,0.001335,0.544036,0.629266,1
025135_069576,3.096912,0.088218,8,8.5e-05,0.23395,0.343374,1
092015_079279,0.309273,0.941238,13,0.0,0.985908,0.953039,1
092015_003553,1.874055,0.419627,5,0.0,0.720961,0.812514,1
092015_085018,2.231418,0.273192,7,2e-06,0.62044,0.734082,1
092015_097309,2.932402,0.133552,7,2.2e-05,0.319616,0.448173,1
092015_030049,2.979311,0.129623,13,7.5e-05,0.296282,0.429809,1
092015_057210,0.815248,0.765557,13,5.4e-05,0.976683,0.930111,1
092015_095255,2.686637,0.207668,10,0.0,0.407604,0.587034,1
014063_063314,2.773236,0.168234,11,0.000191,0.376798,0.552717,1
014063_001094,2.476131,0.160765,22,0.0,0.40337,0.657656,1
014063_083170,0.903147,0.676294,12,0.0,0.977244,0.929029,1
013183_065870,1.890907,0.330508,24,0.0,0.719976,0.816751,1
038070_065139,1.400659,0.486791,5,0.0,0.852546,0.885894,1
038070_094112,2.929425,0.135227,16,5.6e-05,0.325234,0.459858,1
069488_046347,2.712094,0.139552,26,0.000213,0.398364,0.581639,1
069488_060325,1.114795,0.489822,17,1e-06,0.985708,0.905404,1
044012_064613,3.102426,0.078379,20,0.000343,0.220546,0.335715,1
034252_049502,3.035174,0.115022,16,0.000261,0.291091,0.383399,1
091674_044136,1.370837,0.633695,25,6e-06,0.834498,0.875541,1
091674_091733,3.03793,0.079186,20,9.2e-05,0.215306,0.370094,1
091674_050572,1.095815,0.749655,25,2.7e-05,0.870076,0.89569,1
084985_014769,1.702405,0.326544,9,0.0,0.772648,0.845169,1
084985_003859,1.969526,0.335721,10,2e-06,0.677627,0.799061,1
084985_044022,2.414214,0.226297,9,6e-06,0.531862,0.6896,1
084985_006496,2.547167,0.168792,18,6.6e-05,0.491831,0.644259,1
061349_074698,1.54997,0.291937,12,0.0,0.804257,0.858119,1
061349_013537,1.442081,0.351428,10,0.0,0.853737,0.875847,1
011546_018071,1.894577,0.420424,15,1.8e-05,0.75045,0.787958,1
011546_052993,2.475321,0.27574,15,0.000142,0.558705,0.651302,1
086367_027691,2.755951,0.136853,26,1.1e-05,0.340344,0.546924,1
086367_070543,2.261225,0.295447,6,5.7e-05,0.539149,0.72916,1
009672_090602,2.787943,0.123462,9,9.7e-05,0.3621,0.544149,1
061256_078008,1.338743,0.508494,11,1e-06,0.900107,0.891093,1
069639_080816,3.039398,0.100632,10,0.000264,0.280927,0.385411,1
069639_060503,2.763759,0.130415,16,2.1e-05,0.345979,0.55057,1
085089_055845,1.401357,0.40403,13,0.0,0.866512,0.877573,1
073342_076666,1.379054,0.366974,21,0.0,0.92442,0.879373,1
078498_077533,1.987471,0.334379,26,3e-06,0.687151,0.793804,1
008466_015923,2.853171,0.103982,14,1.6e-05,0.301947,0.503448,1
008466_001720,2.099602,0.297292,20,0.0,0.686869,0.770475,1
017984_089381,3.125778,0.061555,26,0.000223,0.177907,0.285661,1
017984_019533,2.178445,0.28331,19,2e-06,0.572562,0.754419,1
006029_072514,3.177303,0.057906,12,0.000344,0.169649,0.231645,1
073600_049061,3.033612,0.112365,4,2e-06,0.281278,0.385573,1
073600_049783,1.808802,0.269197,4,0.0,0.715187,0.826843,1
031776_030982,2.942833,0.137014,5,0.000811,0.395133,0.423218,1
031776_065139,1.505223,0.40739,4,0.0,0.809691,0.868705,1
018129_073402,2.817698,0.19729,26,0.000118,0.349137,0.512607,1
031877_031274,2.213449,0.295194,16,4e-06,0.603602,0.742547,1
031877_092589,2.837943,0.135453,16,0.000387,0.356651,0.520552,1
057060_034806,3.145992,0.06385,26,0.000433,0.182435,0.264858,1
057060_040447,2.987216,0.099651,25,8.9e-05,0.282414,0.427671,1
004140_045959,2.801688,0.133173,26,4e-06,0.31667,0.524989,1
004140_004930,0.311216,0.936596,3,0.0,0.985885,0.95462,1
008855_027856,2.034243,0.219288,1,2e-06,0.595275,0.782607,1
008855_048640,0.10063,0.984863,1,0.0,0.994088,0.960365,1
008855_045758,1.550069,0.430993,15,0.0,0.812148,0.867544,1
008855_083398,3.162157,0.084133,13,0.001482,0.236743,0.272394,1
016171_015732,1.972513,0.236373,25,0.0,0.610657,0.790442,1
022946_079466,2.222372,0.270905,3,1e-06,0.592394,0.745344,1
069371_002912,3.010353,0.085346,22,0.000455,0.243319,0.392845,1
069371_060627,2.995002,0.078098,26,0.000314,0.228744,0.398555,1
069371_049129,2.986708,0.094264,22,0.000191,0.261971,0.408774,1
069371_033452,3.0035,0.086556,26,0.000266,0.23737,0.39617,1
038490_067305,2.2068,0.264429,26,0.000364,0.598166,0.749632,1
038490_014010,2.928208,0.116145,24,0.000665,0.326064,0.467205,1
038490_005746,3.09551,0.086724,24,0.000449,0.236849,0.34877,1
038439_062050,1.708462,0.310683,22,6.8e-05,0.751829,0.838475,1
080053_060075,1.543619,0.463163,5,0.0,0.795777,0.867584,1
008866_046094,2.617442,0.140912,3,5.3e-05,0.389283,0.617404,1
016663_099073,3.053964,0.085177,26,0.000464,0.246332,0.378357,1
082833_022488,2.482664,0.1611,18,5e-05,0.46419,0.666826,1
082833_077416,3.134983,0.086492,18,0.00037,0.237233,0.301276,1
082833_076782,1.79587,0.443884,7,0.0,0.717018,0.827104,1
082833_018782,3.170738,0.054957,9,0.000285,0.15976,0.221842,1
082833_014455,2.006422,0.271764,18,1e-05,0.662282,0.789052,1
082833_080379,1.581166,0.35032,18,0.0,0.841651,0.859676,1
082833_058204,2.001308,0.245522,18,1e-06,0.670035,0.790031,1
085203_095600,3.093024,0.071479,13,3.7e-05,0.208036,0.334565,1
036812_058653,3.054257,0.102438,17,0.0,0.271042,0.370897,1
098281_096586,2.746443,0.109021,15,1e-06,0.322187,0.549102,1
032147_060246,2.813102,0.121821,8,0.001062,0.31648,0.526696,1
032147_095835,2.794684,0.118484,8,0.00117,0.325589,0.530759,1
069996_044060,1.834361,0.320013,10,0.0,0.72442,0.82419,1
069996_032757,3.002955,0.092591,9,0.000526,0.256381,0.415616,1
069996_007512,2.883947,0.144819,26,0.000167,0.363273,0.489326,1
069996_006015,1.71792,0.472593,26,0.0,0.774103,0.83568,1
012811_099162,1.345339,0.505369,12,0.0,0.870777,0.889156,1
085581_057194,3.048102,0.088585,12,0.000309,0.252028,0.382767,1
085581_017170,2.175341,0.251768,24,1e-05,0.574944,0.751966,1
019788_028175,3.106928,0.070256,16,0.000445,0.209295,0.323624,1
019788_009479,3.03544,0.114499,25,0.000616,0.269209,0.393266,1
095618_047782,2.78609,0.169429,18,0.000154,0.383952,0.544149,1
095618_084843,2.042525,0.385748,20,0.000197,0.668679,0.778758,1
070725_041151,2.476596,0.274244,18,0.0,0.521579,0.661539,1
092807_000713,3.185098,0.054841,22,0.000295,0.159669,0.212718,1
092807_014083,1.6989,0.42867,26,0.0,0.772238,0.846236,1
092807_063405,2.226791,0.332318,19,1.6e-05,0.579186,0.731006,1
082458_077206,2.939167,0.123213,23,0.000131,0.316952,0.451955,1
082458_040813,1.449025,0.415859,2,0.0,0.8521,0.878569,1
092108_049568,1.164356,0.653068,2,0.0,0.896232,0.905947,1
096696_084930,3.051571,0.114437,20,0.00025,0.272032,0.378193,1
096696_017895,1.969933,0.378901,3,1.1e-05,0.699366,0.793961,1
006433_022517,3.166213,0.059286,19,0.000236,0.173965,0.247969,1
006433_067825,1.876901,0.435695,21,0.0,0.714999,0.811445,1
089775_043329,2.476532,0.174188,16,0.0,0.487809,0.669591,1
040707_044706,2.81154,0.133487,14,5.1e-05,0.340869,0.529427,1
021007_086525,2.364911,0.199462,9,1.6e-05,0.515221,0.705291,1
035921_044593,3.077491,0.094944,15,0.000227,0.276596,0.349815,1
035921_014911,3.091577,0.07685,16,0.000383,0.220815,0.33811,1
024310_064454,2.212815,0.16442,4,6e-06,0.450482,0.720148,1
024310_092108,0.735169,0.781095,3,3.3e-05,0.965551,0.936304,1
053190_036106,2.654089,0.166928,9,9e-06,0.422073,0.604978,1
024758_006127,2.174147,0.473418,23,0.000111,0.606328,0.695613,1
015164_074318,2.873619,0.096038,20,0.000481,0.27675,0.490911,1
015164_084628,3.087391,0.072327,17,0.00014,0.212878,0.34155,1
075529_005216,1.242487,0.638577,12,1e-06,0.841775,0.894114,1
012738_044832,2.8037,0.11049,26,2.9e-05,0.32237,0.525808,1
035379_042026,2.475532,0.194142,9,1.1e-05,0.505785,0.672403,1
028441_023125,2.514861,0.202775,22,1.3e-05,0.456288,0.656988,1
028441_069576,3.023331,0.125797,8,8e-05,0.2894,0.399058,1
024885_055718,2.727654,0.170354,9,0.00177,0.43053,0.573473,1
024885_079520,3.189425,0.055583,25,0.000298,0.164382,0.206766,1
075584_067672,1.667808,0.575137,14,0.0,0.732172,0.825351,1
075584_019050,2.47098,0.170244,26,1e-06,0.427004,0.667987,1
075584_047989,0.601829,0.814124,14,0.0,0.989826,0.944809,1
047959_016510,2.515571,0.169724,10,0.000462,0.495156,0.655461,1
078219_072065,3.151213,0.061625,20,0.000353,0.180429,0.271707,1
078219_000378,3.100329,0.091985,8,0.001075,0.257798,0.33833,1
017895_001588,3.049465,0.072513,25,0.000125,0.206563,0.343236,1
017895_034848,1.550384,0.508563,18,0.0,0.831328,0.864309,1
017895_031331,1.258186,0.587169,12,0.0,0.85959,0.896766,1
017895_086213,1.840019,0.352404,12,2e-06,0.736288,0.824694,1
095460_078228,1.405488,0.438491,26,0.0,0.909117,0.876759,1
066072_052954,2.303284,0.211837,12,0.0,0.502537,0.718415,1
066072_085018,2.667029,0.201585,9,7.2e-05,0.450639,0.594267,1
037074_021544,2.971914,0.099524,7,0.000683,0.270417,0.43674,1
037074_074318,3.035527,0.074799,20,0.000233,0.218466,0.377236,1
037074_084628,3.069526,0.072876,23,6.3e-05,0.214653,0.352995,1
027692_009564,2.354072,0.214587,7,2.2e-05,0.522048,0.70946,1
027692_054549,1.609161,0.493159,19,1.6e-05,0.730016,0.852429,1
027692_099262,2.781185,0.126154,19,0.00026,0.335044,0.546734,1
042856_014706,2.281026,0.226705,7,3.5e-05,0.498634,0.722879,1
080093_053287,2.006095,0.29795,14,6e-06,0.659166,0.794851,1
018290_078126,1.294594,0.614266,18,2e-06,0.86385,0.892129,1
018290_023125,2.893513,0.121323,10,5e-06,0.31962,0.48079,1
018290_006629,1.441514,0.382922,18,0.0,0.861058,0.877242,1
022069_032327,1.271031,0.530589,26,0.0,0.927649,0.898222,1
062447_072319,2.617715,0.182918,11,0.000129,0.460513,0.612279,1
062447_072441,0.891361,0.628366,8,1e-06,0.987662,0.92815,1
021907_082576,2.393344,0.2977,25,4e-06,0.554374,0.688805,1
008431_064999,3.080221,0.102385,14,0.000405,0.244697,0.353493,1
076697_002562,2.520977,0.155579,16,3e-05,0.429486,0.653909,1
057028_006843,2.481435,0.153017,14,0.0,0.405223,0.659508,1
057028_013666,1.697951,0.528424,12,0.0,0.757339,0.832401,1
095255_030049,2.519482,0.212071,24,0.000168,0.54353,0.64678,1
015134_097034,3.150554,0.065442,24,0.000266,0.184416,0.266535,1
011303_008003,2.53091,0.182618,8,1.1e-05,0.445629,0.650263,1
095278_043313,2.716225,0.172957,21,0.000167,0.435404,0.576185,1
050637_029197,2.764704,0.14929,8,0.000119,0.366501,0.557008,1
050637_000689,0.534781,0.876324,24,1.1e-05,0.973487,0.945394,1
028170_092130,3.14033,0.068202,26,0.000378,0.203024,0.29566,1
028170_047751,2.445569,0.181285,15,0.0,0.451667,0.673163,1
087962_038266,3.110498,0.068891,25,0.00021,0.198874,0.311652,1
087962_052993,2.898126,0.132175,23,0.003528,0.339671,0.48963,1
002823_002405,3.156721,0.062292,20,0.000252,0.17912,0.263697,1
002823_086188,3.168194,0.057812,20,0.000271,0.17127,0.246646,1
065174_084772,3.145706,0.091134,23,0.000375,0.218337,0.286765,1
055569_011531,2.697766,0.179637,25,2.2e-05,0.437417,0.58104,1
055569_003860,1.883905,0.262691,24,0.0,0.666987,0.812974,1
014977_099637,1.074401,0.578673,1,0.0,0.929869,0.914708,1
014977_010920,0.898398,0.682334,10,1e-06,0.983356,0.928163,1
014977_049502,2.854607,0.112062,11,7.6e-05,0.310961,0.508128,1
050208_017013,3.122743,0.080161,13,7.3e-05,0.219639,0.302587,1
068896_044062,1.727427,0.341574,13,9e-06,0.783436,0.839616,1
090586_047440,2.479212,0.168826,20,0.0,0.443966,0.655776,1
014311_060743,3.129133,0.070926,11,0.000302,0.205761,0.297621,1
014311_033114,2.813651,0.144422,18,4e-06,0.327105,0.52639,1
088407_037357,2.88795,0.136807,4,0.001484,0.347265,0.49285,1
061286_095500,3.173091,0.058792,24,0.000261,0.170513,0.23605,1
045795_018657,3.090255,0.078378,12,0.000264,0.228928,0.345434,1
023154_059507,2.990182,0.085014,25,0.000374,0.250455,0.423368,1
087052_060553,1.153512,0.705517,11,0.0,0.889412,0.898167,1
091382_084250,1.038392,0.667427,24,0.0,0.947909,0.917441,1
091382_033646,1.306174,0.368939,24,0.0,0.920282,0.885073,1
028409_061963,1.9955,0.382307,20,1e-06,0.638229,0.79213,1
049814_038386,0.94179,0.616939,13,0.0,0.989017,0.924775,1
054218_097153,2.023858,0.233575,25,1e-06,0.640972,0.787481,1
083015_034248,3.08319,0.070733,22,0.000153,0.206081,0.340986,1
083015_010920,2.720279,0.109893,6,0.000151,0.314126,0.560572,1
028977_036177,2.220524,0.209093,4,5e-06,0.500304,0.736586,1
034147_080830,2.960649,0.097482,19,0.000293,0.287691,0.448047,1
050300_071478,2.029455,0.224945,11,0.0,0.570494,0.780591,1
076914_004147,2.277773,0.311136,18,0.000172,0.632633,0.688373,1
056418_091295,2.496182,0.14623,16,0.0,0.382501,0.648995,1
078666_092359,1.102599,0.703755,8,2e-06,0.865999,0.905192,1
066788_057509,2.966605,0.108669,21,0.000169,0.262044,0.437412,1
074684_007685,2.463728,0.164071,9,1e-06,0.450942,0.672949,1
047578_043717,2.072619,0.313706,20,6e-06,0.678891,0.777926,1
047578_028840,2.900191,0.104342,14,0.000338,0.274928,0.473291,1
063497_079654,2.88185,0.132997,18,0.000631,0.346397,0.497175,1
028399_014900,1.989213,0.287381,15,0.0,0.65283,0.795752,1
011581_000196,1.294339,0.641568,3,3e-06,0.876417,0.888622,1
027440_037533,2.438594,0.173423,6,1e-06,0.452588,0.678275,1
027440_022946,1.921375,0.307319,19,1e-06,0.754212,0.805761,1
027440_080319,0.703114,0.691983,19,3e-06,0.99531,0.938079,1
027440_095255,2.596882,0.230159,22,8e-06,0.483926,0.619339,1
086079_091733,2.416665,0.233849,16,2e-06,0.479611,0.684435,0
018398_025135,3.034702,0.085793,11,5e-05,0.239757,0.386808,0
081778_021907,2.839278,0.107639,5,0.000367,0.298949,0.502935,0
045180_059797,1.298575,0.469817,7,0.0,0.899319,0.895168,0
085486_065432,2.602653,0.17632,9,1e-06,0.387703,0.616384,0
022950_027543,3.090068,0.094676,26,0.000543,0.228694,0.341584,0
022950_030254,2.888518,0.109224,24,0.000491,0.302079,0.492009,0
022950_085934,2.854011,0.150504,24,0.000137,0.36378,0.51228,0
022950_035264,2.95293,0.101926,24,0.000232,0.286477,0.449479,0
041762_001206,3.093593,0.063728,22,0.00014,0.189248,0.312786,0
000796_084342,1.834541,0.41201,18,0.0,0.732921,0.817365,0
000796_081684,2.566786,0.18795,14,7e-06,0.496522,0.634446,0
000796_072887,2.390825,0.196597,19,2e-06,0.495656,0.697368,0
072471_053171,1.53267,0.507792,4,0.0,0.802511,0.865278,0
069849_031619,2.856454,0.132941,5,0.000384,0.342423,0.510753,0
097510_052142,3.070083,0.074651,19,0.000275,0.212873,0.356239,0
097510_069669,3.149066,0.061437,24,0.000332,0.174327,0.263716,0
091924_091701,1.034349,0.708995,4,0.0,0.926038,0.916137,0
034626_062955,0.701798,0.725035,8,3.4e-05,0.991796,0.938229,0
034626_028057,0.590558,0.795212,8,1.5e-05,0.995919,0.945344,0
088031_023578,2.97063,0.108722,15,0.000131,0.274624,0.428248,0
088031_079654,2.945497,0.090838,13,8.9e-05,0.254293,0.448496,0
093340_058784,3.109163,0.080591,24,7.8e-05,0.208441,0.308536,0
018765_065921,3.088173,0.081215,24,0.000408,0.22889,0.346421,0
018765_018890,2.352395,0.162542,24,3e-06,0.462665,0.702707,0
079472_027856,1.344555,0.52598,25,0.0,0.864512,0.888931,0
079472_082724,3.041328,0.094283,25,0.000252,0.259348,0.389073,0
079472_017828,1.844754,0.337364,25,1e-06,0.731098,0.821139,0
079472_093944,2.208474,0.283999,25,2e-06,0.660965,0.739251,0
079472_099900,1.884744,0.292355,25,0.0,0.700803,0.812661,0
079472_077389,2.939348,0.101096,21,0.000697,0.271403,0.440222,0
019543_049061,2.664036,0.170436,16,2e-06,0.400973,0.600825,0
019543_095500,3.136068,0.060893,26,0.000244,0.180631,0.276252,0
019543_010560,3.045818,0.082609,19,7.3e-05,0.226692,0.364841,0
019543_043290,3.109161,0.064178,21,0.000366,0.189372,0.306669,0
021595_043051,2.068054,0.301602,6,0.0,0.616201,0.780539,0
048301_012020,2.169109,0.282495,23,0.0,0.540791,0.750753,0
051780_038194,1.374218,0.446988,14,0.0,0.856408,0.88704,0
035500_026397,2.931949,0.103409,26,9.1e-05,0.284609,0.462963,0
035500_018419,2.658035,0.231366,8,3.4e-05,0.443403,0.588709,0
063963_024199,2.305067,0.258369,11,7e-06,0.582859,0.709548,0
004157_041318,2.853665,0.198273,12,4e-05,0.366129,0.497776,0
087554_047068,2.636198,0.254422,15,7.5e-05,0.460536,0.593679,0
087554_084297,3.020484,0.114937,24,0.000215,0.268894,0.400221,0
087554_044857,1.848452,0.428778,14,1.1e-05,0.73051,0.82047,0
078228_064488,2.247198,0.283665,5,5e-05,0.60315,0.734044,0
002277_014029,2.869766,0.136461,7,0.000394,0.383817,0.497564,0
002277_093852,2.861148,0.161487,19,6.3e-05,0.366915,0.504699,0
002277_055769,2.602185,0.260976,6,7.9e-05,0.511025,0.605983,0
002277_066987,1.866036,0.31771,13,0.0,0.708825,0.818171,0
053720_070331,3.091318,0.084782,20,0.000546,0.218,0.331929,0
088623_061813,2.569427,0.168782,10,1.9e-05,0.390696,0.630178,0
016720_097530,3.121296,0.067373,13,0.000402,0.197236,0.295463,0
016720_088370,2.530194,0.169866,13,7e-06,0.429572,0.649519,0
091497_053459,2.360045,0.20411,25,0.0,0.508269,0.706709,0
038532_087139,2.872891,0.147819,26,0.000257,0.380576,0.495538,0
052612_042515,2.696559,0.158515,7,2e-05,0.391735,0.586711,0
015336_074698,1.932367,0.445659,20,5e-06,0.684773,0.797638,0
021092_049066,2.897877,0.116906,4,4.8e-05,0.2983,0.468447,0
049124_073614,2.951862,0.107699,23,9e-06,0.282991,0.441218,0
049124_010557,2.811797,0.13693,18,2e-06,0.342467,0.52767,0
049124_059578,2.484727,0.222856,14,0.0,0.476116,0.666621,0
067342_027040,2.065335,0.372216,5,0.0,0.629599,0.775009,0
067342_022547,1.408557,0.556588,25,0.0,0.832063,0.88239,0
067342_015923,2.458397,0.200441,9,1e-05,0.474158,0.677104,0
009706_019127,2.008963,0.382157,17,0.003293,0.7327,0.746935,0
009706_015134,1.026352,0.621585,17,2e-06,0.943443,0.917444,0
009706_020456,2.660007,0.140599,19,0.0,0.370958,0.594177,0
084297_004140,2.71384,0.164922,15,0.000287,0.369097,0.576036,0
000139_007860,2.672003,0.173915,15,5.9e-05,0.363461,0.590542,0
010800_024066,1.784373,0.421835,7,0.0,0.725198,0.833079,0
010800_030292,2.654308,0.135362,10,8e-05,0.376814,0.602217,0
004991_058738,1.512188,0.382534,21,2e-06,0.82862,0.867066,0
087638_000068,1.523724,0.51766,22,0.0,0.831649,0.866945,0
087638_031877,2.911463,0.116965,23,1.9e-05,0.318787,0.473308,0
087638_086471,2.022511,0.214092,22,0.0,0.594257,0.78225,0
006063_086105,2.924296,0.116503,26,0.000452,0.291746,0.465229,0
091987_091113,3.125287,0.065639,26,0.000474,0.192108,0.287644,0
042566_050724,2.407812,0.282871,7,9.7e-05,0.522526,0.686404,0
046793_054718,2.974244,0.112659,11,0.000451,0.285463,0.435564,0
055420_014778,2.993904,0.104752,22,0.000517,0.281946,0.424645,0
055420_077998,1.218347,0.684389,3,0.0,0.842148,0.892896,0
013228_031274,2.71724,0.121079,13,1e-06,0.34935,0.563076,0
097530_004596,2.919893,0.096614,18,0.000278,0.277663,0.467933,0
021198_089351,2.968316,0.111385,16,0.000111,0.304259,0.431437,0
068367_073050,1.658713,0.464537,26,6e-06,0.725168,0.848178,0
068367_071722,3.087715,0.082276,26,0.000867,0.242415,0.3509,0
084862_012834,3.105894,0.073416,13,0.000247,0.212411,0.331747,0
077389_028575,2.949312,0.103059,19,0.000207,0.274538,0.448971,0
053078_045845,2.810755,0.098101,23,0.000493,0.287149,0.516888,0
053078_031619,2.778434,0.119113,24,0.000448,0.322147,0.537613,0
058116_047130,1.806563,0.284674,15,0.0,0.697781,0.826522,0
018836_010920,1.635926,0.366595,26,0.0,0.779498,0.854569,0
011124_097583,2.450968,0.21868,9,0.0,0.504375,0.676096,0
074090_079654,2.760461,0.221977,6,6e-05,0.389591,0.544431,0
081028_039092,2.673374,0.243884,16,1e-06,0.450217,0.579383,0
084017_008376,3.151753,0.071968,15,0.000304,0.189671,0.275919,0
084017_028170,3.125503,0.063753,20,0.000101,0.188071,0.289943,0
059046_069827,2.855281,0.171267,6,0.0,0.341019,0.494425,0
058597_006451,3.003925,0.102584,15,0.000206,0.268762,0.417123,0
023410_019786,1.463027,0.367245,22,0.0,0.842193,0.875214,0
004596_040672,2.671129,0.165901,7,0.0,0.392754,0.587371,0
092015_052993,3.038231,0.121735,9,0.00043,0.317521,0.387608,0
092015_050572,0.369011,0.926295,13,2e-06,0.980426,0.950129,0
092015_078498,3.078045,0.102979,13,8.5e-05,0.25358,0.348943,0
092015_064454,3.134417,0.066118,20,0.000304,0.185983,0.279815,0
030780_028873,1.655313,0.41581,12,1e-05,0.831504,0.850106,0
020158_072319,3.024862,0.092973,21,0.000179,0.2589,0.386544,0
038070_017442,2.305426,0.271031,7,1.5e-05,0.526398,0.720948,0
085327_027856,2.13631,0.274356,16,1.2e-05,0.636979,0.764433,0
050620_066788,2.435215,0.167395,24,3e-06,0.470988,0.680701,0
026294_093897,2.894082,0.12833,10,1.9e-05,0.322773,0.489124,0
079781_071962,1.966531,0.349645,26,0.0,0.612889,0.794537,0
079781_035972,2.718212,0.125654,5,6.1e-05,0.36376,0.562969,0
091674_071201,0.679241,0.783888,25,0.0,0.976643,0.940525,0
091674_028159,3.057631,0.086795,25,0.000171,0.217215,0.35408,0
062317_099073,3.151871,0.080278,20,0.000584,0.223191,0.283374,0
084985_022950,2.083163,0.293229,11,6e-06,0.645638,0.777918,0
084985_031148,2.932564,0.136859,11,0.000456,0.343745,0.463741,0
041409_006815,2.999037,0.097186,16,1.9e-05,0.251938,0.410844,0
061349_007469,2.800766,0.118745,19,0.000265,0.341821,0.537758,0
061349_001588,3.025094,0.076916,16,0.000308,0.230116,0.392138,0
061349_047130,1.61611,0.507902,4,0.0,0.742193,0.851011,0
011546_077292,2.454762,0.260551,15,3.7e-05,0.578805,0.6573,0
086367_046347,2.469394,0.199221,6,0.000276,0.500468,0.671229,0
069639_058621,3.130219,0.068034,25,0.000174,0.197389,0.301414,0
085089_071970,0.982496,0.711672,13,0.0,0.924767,0.920947,0
073342_030009,2.910274,0.131074,21,0.000467,0.332029,0.47759,0
073342_095108,2.268263,0.27161,21,1e-06,0.567507,0.729173,0
078498_022517,2.956223,0.093337,13,0.000107,0.245519,0.437503,0
017984_050724,2.91528,0.125494,26,0.000944,0.352374,0.474342,0
073600_029151,1.950577,0.28004,11,0.0,0.690161,0.802527,0
065921_056588,2.704851,0.222101,26,0.000434,0.469434,0.567529,0
027669_065870,1.978579,0.260625,25,0.0,0.681515,0.794821,0
027669_088031,3.086613,0.071002,26,0.000154,0.208586,0.329136,0
086737_075090,2.284945,0.288322,25,0.0,0.591561,0.72448,0
086737_091821,1.931995,0.376013,25,0.0,0.724991,0.805745,0
000068_091497,2.651882,0.169526,14,0.000462,0.454549,0.604719,0
031877_067085,1.505768,0.543104,23,0.0,0.834021,0.869227,0
031877_027638,2.648485,0.207269,6,4.7e-05,0.446315,0.602093,0
057060_014956,3.111919,0.080357,18,7.3e-05,0.207975,0.307392,0
004140_095835,1.055444,0.613078,25,1e-06,0.925854,0.915917,0
008855_015194,2.717366,0.131404,5,0.000126,0.337789,0.569994,0
008855_004930,1.939365,0.368246,11,1e-06,0.746574,0.797408,0
022946_097034,3.135396,0.066284,19,0.000302,0.189418,0.286994,0
022946_017442,2.162529,0.259939,3,0.0,0.6007,0.759938,0
069371_081485,3.095163,0.071206,16,0.000266,0.206421,0.329583,0
069371_057688,3.03927,0.081995,15,0.000145,0.238629,0.382268,0
069371_030711,3.034343,0.070573,26,0.000235,0.209487,0.362812,0
069371_049066,2.894046,0.10249,16,0.000396,0.270996,0.459893,0
038490_033803,2.341053,0.194791,26,0.000679,0.526799,0.709849,0
038490_000196,2.248583,0.250879,26,0.000245,0.563752,0.738785,0
038490_017984,1.863712,0.294906,24,6.6e-05,0.728195,0.820213,0
080053_027448,2.888707,0.103202,7,3.8e-05,0.294004,0.490596,0
038769_071668,2.958775,0.077459,24,0.000909,0.226879,0.411796,0
051450_071962,3.072798,0.078093,24,9e-05,0.219638,0.342423,0
051450_060246,1.610335,0.39412,14,0.0,0.830703,0.85948,0
016663_049129,2.950775,0.142238,11,3e-06,0.330074,0.448768,0
082833_009070,2.83272,0.102021,10,0.0,0.287231,0.505745,0
082833_057457,2.035806,0.320423,9,0.0,0.631969,0.783178,0
082833_002342,3.045702,0.083519,7,0.000222,0.241005,0.375125,0
082833_092359,2.592664,0.180735,7,5e-06,0.423307,0.618811,0
092064_034649,2.152231,0.165604,9,3e-06,0.454226,0.733686,0
092064_074385,0.990074,0.645311,6,6e-05,0.952002,0.92119,0
036812_061031,2.756338,0.128558,24,0.000375,0.3551,0.561068,0
032147_083082,3.101136,0.065992,15,0.00045,0.197233,0.325046,0
069996_003396,2.020179,0.394401,19,1e-06,0.674726,0.783808,0
069996_063340,2.022983,0.26522,9,0.0,0.607679,0.784549,0
069996_014911,3.092939,0.068215,26,0.000202,0.188942,0.308245,0
069996_034197,2.767472,0.18689,10,2.7e-05,0.373478,0.544598,0
038130_080830,3.193739,0.066734,19,0.000891,0.177014,0.223636,0
038130_056426,2.497359,0.257409,24,4.4e-05,0.521977,0.653947,0
012811_081744,1.936389,0.378466,24,0.0,0.690642,0.805993,0
012811_089520,2.389171,0.235316,21,0.0,0.465389,0.69253,0
012811_076276,2.072953,0.386736,22,3e-06,0.650167,0.77126,0
085581_030257,3.013837,0.094153,12,0.000557,0.258386,0.408734,0
085581_082632,1.9893,0.265241,12,8e-06,0.60127,0.791542,0
095618_067782,3.179586,0.066985,23,0.000137,0.187526,0.234359,0
095618_027669,1.945727,0.323531,18,1e-06,0.68108,0.80572,0
070725_058944,3.128561,0.066138,14,0.000427,0.192618,0.299448,0
025787_043313,3.055932,0.088037,6,8.7e-05,0.234053,0.363445,0
092807_002885,3.02769,0.098802,19,9.6e-05,0.284229,0.399048,0
092807_041675,2.733479,0.142973,7,6.5e-05,0.354253,0.566022,0
082458_082632,1.935709,0.313781,26,0.0,0.679055,0.80723,0
082458_055662,2.442939,0.207633,8,0.0,0.515959,0.679976,0
082458_081896,2.553109,0.191734,5,2e-06,0.45472,0.641949,0
063252_015824,1.874017,0.335081,11,1e-06,0.701303,0.81876,0
096288_030069,2.080247,0.348801,3,6e-06,0.623291,0.774832,0
096696_081387,2.887823,0.128933,3,0.000976,0.354502,0.496316,0
096696_061813,2.003867,0.335919,3,1e-06,0.638639,0.791671,0
006433_068648,1.189036,0.579859,13,2e-06,0.920268,0.906792,0
006433_024885,3.096053,0.071941,19,0.000103,0.208016,0.309321,0
006433_014305,3.12183,0.07692,26,0.000507,0.198088,0.307633,0
085716_056532,2.66394,0.178111,23,0.000114,0.445704,0.598135,0
040707_034147,1.096148,0.691497,7,0.0,0.893555,0.909093,0
040707_032825,1.083506,0.693308,14,1e-06,0.905734,0.907826,0
038533_084628,1.999075,0.359339,20,0.0,0.670492,0.792688,0
038533_092589,3.135495,0.0611,23,5.6e-05,0.180975,0.279479,0
035921_094925,1.62192,0.469838,8,0.0,0.792206,0.85673,0
035921_090385,2.964003,0.068675,20,4.1e-05,0.204084,0.395134,0
024310_012811,1.553126,0.334418,0,0.000642,0.781864,0.847184,0
009152_009503,3.146833,0.067481,12,0.0003,0.197898,0.286071,0
024758_020032,2.192452,0.29699,24,6.3e-05,0.650842,0.72502,0
024758_017442,2.143934,0.25805,10,9e-06,0.642101,0.763498,0
024758_044200,2.654427,0.178167,23,3e-05,0.431363,0.605565,0
053618_038266,3.036806,0.082157,19,0.000186,0.233123,0.380742,0
015164_024910,2.697841,0.140243,26,3e-06,0.384911,0.581767,0
015164_020768,2.741041,0.166198,3,0.000144,0.365719,0.561332,0
015164_008431,2.5551,0.181501,20,1.1e-05,0.425727,0.635038,0
015164_042026,3.132401,0.061115,26,0.000189,0.176538,0.271536,0
027892_042196,2.589521,0.233819,22,1e-06,0.436277,0.621556,0
075529_014842,2.49945,0.169753,14,2e-06,0.48538,0.657059,0
075529_049136,1.81888,0.414104,12,4e-06,0.686227,0.82401,0
035379_021787,2.731694,0.169591,11,1e-06,0.382312,0.555184,0
028441_014385,1.717109,0.412137,5,0.0,0.771133,0.84479,0
075522_018419,2.070031,0.341649,20,2e-06,0.663267,0.775649,0
075522_024069,3.046529,0.076689,18,0.00027,0.224957,0.357473,0
075584_003860,1.089906,0.619451,13,0.0,0.94222,0.913966,0
047959_070110,1.978622,0.428268,12,0.0,0.672013,0.788307,0
009070_044929,2.370095,0.236332,16,0.0,0.499326,0.69949,0
009070_026437,2.776965,0.133099,17,0.000101,0.354889,0.551904,0
066072_044929,1.044851,0.723576,9,0.0,0.913053,0.912386,0
066072_097583,1.677466,0.429528,9,0.0,0.805372,0.850624,0
037074_093389,2.969276,0.083023,8,8.2e-05,0.237482,0.417216,0
027692_050572,1.8572,0.369482,3,0.000183,0.758068,0.819658,0
027692_067782,3.145908,0.069658,20,0.000262,0.198021,0.287618,0
025839_032710,2.340818,0.197969,25,1e-06,0.525046,0.711996,0
025839_031326,3.007914,0.078008,22,0.000479,0.224872,0.402162,0
080093_007389,2.162067,0.225379,10,0.0,0.563304,0.756797,0
080093_056908,2.194996,0.197707,16,0.0,0.522703,0.74557,0
040868_044839,2.667632,0.170378,17,0.0002,0.419461,0.591792,0
033339_073195,2.946589,0.099217,13,0.000157,0.279842,0.456346,0
033339_096391,2.592098,0.167942,19,0.0,0.411356,0.626545,0
033339_045379,3.063882,0.094835,18,0.000149,0.242806,0.357934,0
018290_009564,2.789408,0.137112,10,3e-05,0.304093,0.530602,0
018290_064889,1.63467,0.401499,23,0.0,0.837842,0.852104,0
018290_038386,1.901488,0.383261,23,1e-06,0.681525,0.811642,0
062447_021680,1.770383,0.332447,8,2e-06,0.76405,0.833625,0
062447_075758,2.168421,0.292431,8,1e-05,0.559147,0.75553,0
062447_074158,1.648429,0.432729,19,5e-06,0.748892,0.853041,0
021907_009070,2.89922,0.159892,17,0.000207,0.364806,0.47808,0
021907_040190,1.707948,0.352455,7,0.0,0.764328,0.844988,0
008431_099288,3.026033,0.108777,14,0.000402,0.255383,0.396999,0
008431_071668,3.159343,0.081358,14,0.000405,0.203867,0.256863,0
081336_027448,3.154544,0.059522,23,0.000353,0.172024,0.249413,0
081336_015461,3.155535,0.060904,26,0.00044,0.171107,0.255438,0
021095_091569,2.775315,0.123827,13,4.3e-05,0.338986,0.543318,0
057028_069800,2.63996,0.153561,13,0.0,0.40086,0.60899,0
036525_028409,1.693907,0.309175,4,0.0,0.762053,0.842529,0
036525_046113,2.957286,0.092941,26,9.2e-05,0.268884,0.437871,0
095255_077699,2.648627,0.18041,23,3.6e-05,0.446362,0.607107,0
095255_098465,2.388857,0.186483,24,0.0,0.487718,0.692814,0
095255_084250,1.564746,0.459776,24,0.0,0.836138,0.86558,0
013073_030262,2.597821,0.198946,19,0.000255,0.483186,0.623198,0
015134_079293,2.396173,0.271771,24,0.000214,0.618035,0.658056,0
095278_028441,2.634893,0.183835,22,6.6e-05,0.456361,0.610497,0
095278_058390,2.207511,0.273797,21,0.0,0.579173,0.745064,0
057004_082613,3.071387,0.094675,15,0.000725,0.256916,0.363552,0
050637_034248,3.068027,0.072606,8,0.000195,0.210649,0.342511,0
050637_019588,2.82944,0.158785,16,0.000225,0.37485,0.519256,0
087962_075823,3.087815,0.092388,23,0.001204,0.241538,0.349787,0
087962_033525,2.810146,0.137387,12,0.00041,0.350378,0.528122,0
026503_071970,1.697688,0.353334,15,5e-06,0.761463,0.8474,0
002823_088564,1.069923,0.565639,1,2e-06,0.933385,0.909982,0
065174_063497,2.871991,0.15778,23,0.000175,0.344468,0.499106,0
014977_054049,2.833616,0.122677,13,1.8e-05,0.32646,0.51792,0
014977_075299,1.831203,0.500321,23,3e-06,0.711957,0.808411,0
061286_003860,1.563916,0.282403,13,0.0,0.780801,0.852035,0
048996_030686,3.100419,0.074775,12,9.9e-05,0.212112,0.314841,0
048996_063252,3.125555,0.061965,17,0.000352,0.184172,0.289061,0
045795_026274,2.692531,0.13755,26,0.000556,0.346862,0.582836,0
023154_097118,2.493738,0.195144,26,9e-06,0.418454,0.658272,0
091382_009479,2.581121,0.164244,12,1.1e-05,0.401256,0.630676,0
040802_067128,2.873079,0.133462,11,0.000116,0.347914,0.495179,0
028409_071668,3.084107,0.103063,9,0.000686,0.257333,0.358896,0
028409_019786,1.413046,0.731385,10,0.003414,0.786983,0.773156,0
049814_021906,3.142654,0.058252,18,0.000242,0.170836,0.260868,0
054218_086188,3.183396,0.053732,26,0.000182,0.156296,0.208897,0
083015_082632,2.661559,0.137698,9,2.9e-05,0.363437,0.592581,0
083015_074090,2.787531,0.121889,9,5.7e-05,0.301175,0.531638,0
050300_095238,2.980805,0.091677,13,0.000115,0.256026,0.422783,0
073124_093806,2.919328,0.144412,25,0.000165,0.33133,0.468724,0
067648_079466,2.649552,0.137491,2,8e-06,0.362098,0.600454,0
067648_020241,3.139082,0.070103,14,0.000559,0.200121,0.283936,0
076914_060192,3.135539,0.061846,20,0.000115,0.175419,0.270877,0
009960_074090,2.63076,0.205757,9,2e-06,0.414089,0.606292,0
015275_080279,3.073763,0.078765,20,0.000368,0.223807,0.35599,0
002114_006150,2.994767,0.08574,20,8.6e-05,0.231578,0.39637,0
002114_027977,2.248468,0.387298,4,0.000491,0.615085,0.711855,0
002114_038493,2.540855,0.170485,13,2e-06,0.429915,0.642015,0
002114_085203,2.957777,0.086236,8,0.000243,0.247371,0.429002,0
002114_014911,3.145473,0.057743,26,0.000237,0.168305,0.248264,0
056418_086182,3.063212,0.083514,26,0.000273,0.228353,0.357059,0
066788_089769,1.849301,0.274856,19,0.0,0.678503,0.818877,0
066788_017828,2.138813,0.233684,21,0.0,0.587071,0.761184,0
047578_095201,2.937782,0.113724,13,0.000156,0.301006,0.450257,0
014124_015194,1.958104,0.397054,1,4.3e-05,0.711663,0.795863,0
063497_020158,3.02554,0.088168,21,0.000598,0.247597,0.385159,0
046618_056418,3.078104,0.091943,21,0.000433,0.235211,0.351321,0
011581_018290,1.743593,0.292317,14,0.0,0.792319,0.836456,0
027440_082739,3.059779,0.078294,26,0.000229,0.222106,0.365929,0
027440_055845,2.302751,0.315535,22,2.5e-05,0.576025,0.71696,0
027440_033319,1.008598,0.718168,26,1e-06,0.917919,0.917328,0
