group,model_A,model_B,total_pairs,acc_A,acc_B,p_A,r_A,f1_A,p_B,r_B,f1_B,b11,b10,b01,b00,statistic,p_value,exact,significant,conclusion
paragraph,v1_gru,v1_lstm,5302,0.2004903809883063,0.17144473783477931,0.07140569964777457,0.14276568501920614,0.09519743863393809,0.04674991994876721,0.09346991037131883,0.06232657417289221,799,264,110,4129,62.59090909090909,2.544251714469474e-15,False,True,v1_gru (better F1)
paragraph,v1_gru,v1_transformer,5302,0.2004903809883063,0.11976612599019237,0.07140569964777457,0.14276568501920614,0.09519743863393809,0.002881844380403458,0.005761843790012804,0.0038420490928495195,81,982,554,3685,118.70377604166667,1.2159780247822943e-27,False,True,v1_gru (better F1)
paragraph,v1_gru,v2_gru,5302,0.2004903809883063,0.11788004526593739,0.07140569964777457,0.14276568501920614,0.09519743863393809,0.001280819724623759,0.002560819462227913,0.0017075773745997861,58,1005,567,3672,121.48155216284987,2.9977594466145897e-28,False,True,v1_gru (better F1)
paragraph,v1_gru,v2_lstm,5302,0.2004903809883063,0.11712561297623539,0.07140569964777457,0.14276568501920614,0.09519743863393809,0.0006404098623118795,0.0012804097311139564,0.0008537886872998931,53,1010,568,3671,123.24524714828897,1.2323513432045607e-28,False,True,v1_gru (better F1)
paragraph,v1_gru,v2_transformer,5302,0.2004903809883063,0.12693323274236137,0.07140569964777457,0.14276568501920614,0.09519743863393809,0.008965738072366315,0.01792573623559539,0.011953041622198507,156,907,517,3722,106.26474719101124,6.451398130724316e-25,False,True,v1_gru (better F1)
paragraph,v1_gru,v3_gru,5302,0.2004903809883063,0.11788004526593739,0.07140569964777457,0.14276568501920614,0.09519743863393809,0.001280819724623759,0.002560819462227913,0.0017075773745997861,58,1005,567,3672,121.48155216284987,2.9977594466145897e-28,False,True,v1_gru (better F1)
paragraph,v1_gru,v3_lstm,5302,0.2004903809883063,0.11674839683138438,0.07140569964777457,0.14276568501920614,0.09519743863393809,0.0003202049311559398,0.0006402048655569782,0.00042689434364994653,50,1013,569,3670,124.051201011378,8.209760886627534e-29,False,True,v1_gru (better F1)
paragraph,v1_gru,v3_transformer,5302,0.2004903809883063,0.12391550358355338,0.07140569964777457,0.14276568501920614,0.09519743863393809,0.006404098623118796,0.012804097311139564,0.008537886872998932,141,922,516,3723,114.06467315716273,1.2612698784948738e-26,False,True,v1_gru (better F1)
paragraph,v1_lstm,v1_transformer,5302,0.17144473783477931,0.11976612599019237,0.04674991994876721,0.09346991037131883,0.06232657417289221,0.002881844380403458,0.005761843790012804,0.0038420490928495195,173,736,462,3931,62.21118530884808,3.08530519572631e-15,False,True,v1_lstm (better F1)
paragraph,v1_lstm,v2_gru,5302,0.17144473783477931,0.11788004526593739,0.04674991994876721,0.09346991037131883,0.06232657417289221,0.001280819724623759,0.002560819462227913,0.0017075773745997861,164,745,461,3932,66.40878938640132,3.664644184543177e-16,False,True,v1_lstm (better F1)
paragraph,v1_lstm,v2_lstm,5302,0.17144473783477931,0.11712561297623539,0.04674991994876721,0.09346991037131883,0.06232657417289221,0.0006404098623118795,0.0012804097311139564,0.0008537886872998931,159,750,462,3931,67.9612211221122,1.6674279738147578e-16,False,True,v1_lstm (better F1)
paragraph,v1_lstm,v2_transformer,5302,0.17144473783477931,0.12693323274236137,0.04674991994876721,0.09346991037131883,0.06232657417289221,0.008965738072366315,0.01792573623559539,0.011953041622198507,226,683,447,3946,48.8716814159292,2.732678803302812e-12,False,True,v1_lstm (better F1)
paragraph,v1_lstm,v3_gru,5302,0.17144473783477931,0.11788004526593739,0.04674991994876721,0.09346991037131883,0.06232657417289221,0.001280819724623759,0.002560819462227913,0.0017075773745997861,164,745,461,3932,66.40878938640132,3.664644184543177e-16,False,True,v1_lstm (better F1)
paragraph,v1_lstm,v3_lstm,5302,0.17144473783477931,0.11674839683138438,0.04674991994876721,0.09346991037131883,0.06232657417289221,0.0003202049311559398,0.0006402048655569782,0.00042689434364994653,158,751,461,3932,68.91171617161716,1.0297127118136266e-16,False,True,v1_lstm (better F1)
paragraph,v1_lstm,v3_transformer,5302,0.17144473783477931,0.12391550358355338,0.04674991994876721,0.09346991037131883,0.06232657417289221,0.006404098623118796,0.012804097311139564,0.008537886872998932,215,694,442,3951,55.458626760563384,9.544690464548189e-14,False,True,v1_lstm (better F1)
paragraph,v1_transformer,v2_gru,5302,0.11976612599019237,0.11788004526593739,0.002881844380403458,0.005761843790012804,0.0038420490928495195,0.001280819724623759,0.002560819462227913,0.0017075773745997861,532,103,93,4574,0.413265306122449,0.5203168005073666,False,False,No significant difference
paragraph,v1_transformer,v2_lstm,5302,0.11976612599019237,0.11712561297623539,0.002881844380403458,0.005761843790012804,0.0038420490928495195,0.0006404098623118795,0.0012804097311139564,0.0008537886872998931,537,98,84,4583,0.9285714285714286,0.3352344137959569,False,False,No significant difference
paragraph,v1_transformer,v2_transformer,5302,0.11976612599019237,0.12693323274236137,0.002881844380403458,0.005761843790012804,0.0038420490928495195,0.008965738072366315,0.01792573623559539,0.011953041622198507,540,95,133,4534,6.004385964912281,0.014270359436350405,False,True,v2_transformer (better F1)
paragraph,v1_transformer,v3_gru,5302,0.11976612599019237,0.11788004526593739,0.002881844380403458,0.005761843790012804,0.0038420490928495195,0.001280819724623759,0.002560819462227913,0.0017075773745997861,532,103,93,4574,0.413265306122449,0.5203168005073666,False,False,No significant difference
paragraph,v1_transformer,v3_lstm,5302,0.11976612599019237,0.11674839683138438,0.002881844380403458,0.005761843790012804,0.0038420490928495195,0.0003202049311559398,0.0006402048655569782,0.00042689434364994653,540,95,79,4588,1.293103448275862,0.25547681145449985,False,False,No significant difference
paragraph,v1_transformer,v3_transformer,5302,0.11976612599019237,0.12391550358355338,0.002881844380403458,0.005761843790012804,0.0038420490928495195,0.006404098623118796,0.012804097311139564,0.008537886872998932,523,112,134,4533,1.7926829268292683,0.18059961649392026,False,False,No significant difference
paragraph,v2_gru,v2_lstm,5302,0.11788004526593739,0.11712561297623539,0.001280819724623759,0.002560819462227913,0.0017075773745997861,0.0006404098623118795,0.0012804097311139564,0.0008537886872998931,616,9,5,4672,5.0,0.4239501953125,True,False,No significant difference
paragraph,v2_gru,v2_transformer,5302,0.11788004526593739,0.12693323274236137,0.001280819724623759,0.002560819462227913,0.0017075773745997861,0.008965738072366315,0.01792573623559539,0.011953041622198507,477,148,196,4481,6.421511627906977,0.011274615201549548,False,True,v2_transformer (better F1)
paragraph,v2_gru,v3_gru,5302,0.11788004526593739,0.11788004526593739,0.001280819724623759,0.002560819462227913,0.0017075773745997861,0.001280819724623759,0.002560819462227913,0.0017075773745997861,625,0,0,4677,0.0,1.0,False,False,No significant difference
paragraph,v2_gru,v3_lstm,5302,0.11788004526593739,0.11674839683138438,0.001280819724623759,0.002560819462227913,0.0017075773745997861,0.0003202049311559398,0.0006402048655569782,0.00042689434364994653,611,14,8,4669,8.0,0.28627872467041016,True,False,No significant difference
paragraph,v2_gru,v3_transformer,5302,0.11788004526593739,0.12391550358355338,0.001280819724623759,0.002560819462227913,0.0017075773745997861,0.006404098623118796,0.012804097311139564,0.008537886872998932,512,113,145,4532,3.7248062015503876,0.053609848745940485,False,False,No significant difference
paragraph,v2_lstm,v2_transformer,5302,0.11712561297623539,0.12693323274236137,0.0006404098623118795,0.0012804097311139564,0.0008537886872998931,0.008965738072366315,0.01792573623559539,0.011953041622198507,468,153,205,4476,7.26536312849162,0.007029705433389135,False,True,v2_transformer (better F1)
paragraph,v2_lstm,v3_gru,5302,0.11712561297623539,0.11788004526593739,0.0006404098623118795,0.0012804097311139564,0.0008537886872998931,0.001280819724623759,0.002560819462227913,0.0017075773745997861,616,5,9,4672,5.0,0.4239501953125,True,False,No significant difference
paragraph,v2_lstm,v3_lstm,5302,0.11712561297623539,0.11674839683138438,0.0006404098623118795,0.0012804097311139564,0.0008537886872998931,0.0003202049311559398,0.0006402048655569782,0.00042689434364994653,616,5,3,4678,3.0,0.7265625,True,False,No significant difference
paragraph,v2_lstm,v3_transformer,5302,0.11712561297623539,0.12391550358355338,0.0006404098623118795,0.0012804097311139564,0.0008537886872998931,0.006404098623118796,0.012804097311139564,0.008537886872998932,503,118,154,4527,4.5036764705882355,0.03382206137176013,False,True,v3_transformer (better F1)
paragraph,v2_transformer,v3_gru,5302,0.12693323274236137,0.11788004526593739,0.008965738072366315,0.01792573623559539,0.011953041622198507,0.001280819724623759,0.002560819462227913,0.0017075773745997861,477,196,148,4481,6.421511627906977,0.011274615201549548,False,True,v2_transformer (better F1)
paragraph,v2_transformer,v3_lstm,5302,0.12693323274236137,0.11674839683138438,0.008965738072366315,0.01792573623559539,0.011953041622198507,0.0003202049311559398,0.0006402048655569782,0.00042689434364994653,463,210,156,4473,7.674863387978142,0.005599533244884543,False,True,v2_transformer (better F1)
paragraph,v2_transformer,v3_transformer,5302,0.12693323274236137,0.12391550358355338,0.008965738072366315,0.01792573623559539,0.011953041622198507,0.006404098623118796,0.012804097311139564,0.008537886872998932,622,51,35,4594,2.616279069767442,0.10577220785075223,False,False,No significant difference
paragraph,v3_gru,v3_lstm,5302,0.11788004526593739,0.11674839683138438,0.001280819724623759,0.002560819462227913,0.0017075773745997861,0.0003202049311559398,0.0006402048655569782,0.00042689434364994653,611,14,8,4669,8.0,0.28627872467041016,True,False,No significant difference
paragraph,v3_gru,v3_transformer,5302,0.11788004526593739,0.12391550358355338,0.001280819724623759,0.002560819462227913,0.0017075773745997861,0.006404098623118796,0.012804097311139564,0.008537886872998932,512,113,145,4532,3.7248062015503876,0.053609848745940485,False,False,No significant difference
paragraph,v3_lstm,v3_transformer,5302,0.11674839683138438,0.12391550358355338,0.0003202049311559398,0.0006402048655569782,0.00042689434364994653,0.006404098623118796,0.012804097311139564,0.008537886872998932,498,121,159,4524,4.889285714285714,0.027023864370910533,False,True,v3_transformer (better F1)
summarized,v1_gru,v1_lstm,5946,0.334510595358224,0.4007736293306424,0.11655459494076209,0.2330345710627401,0.15538954108858055,0.17963496637848222,0.3591549295774648,0.23948772678762006,1565,424,818,3139,124.35507246376811,7.044053153584215e-29,False,True,v1_lstm (better F1)
summarized,v1_gru,v1_transformer,5946,0.334510595358224,0.25109317188025565,0.11655459494076209,0.2330345710627401,0.15538954108858055,0.03714377201408902,0.07426376440460948,0.04951974386339382,891,1098,602,3355,144.13235294117646,3.323945881422842e-33,False,True,v1_gru (better F1)
summarized,v1_gru,v2_gru,5946,0.334510595358224,0.27833837874201145,0.11655459494076209,0.2330345710627401,0.15538954108858055,0.06308037143772013,0.12612035851472472,0.08409818569903948,812,1177,843,3114,54.89554455445545,1.2710883006263225e-13,False,True,v1_gru (better F1)
summarized,v1_gru,v2_lstm,5946,0.334510595358224,0.2561385805583586,0.11655459494076209,0.2330345710627401,0.15538954108858055,0.041946845981428116,0.08386683738796415,0.055923159018143015,724,1265,799,3158,104.76017441860465,1.3785041459660402e-24,False,True,v1_gru (better F1)
summarized,v1_gru,v2_transformer,5946,0.334510595358224,0.2726202489068281,0.11655459494076209,0.2330345710627401,0.15538954108858055,0.05763688760806916,0.11523687580025609,0.0768409818569904,816,1173,805,3152,68.09352881698686,1.559215307619619e-16,False,True,v1_gru (better F1)
summarized,v1_gru,v3_gru,5946,0.334510595358224,0.25109317188025565,0.11655459494076209,0.2330345710627401,0.15538954108858055,0.03714377201408902,0.07426376440460948,0.04951974386339382,770,1219,723,3234,126.1714727085479,2.8203036513507776e-29,False,True,v1_gru (better F1)
summarized,v1_gru,v3_lstm,5946,0.334510595358224,0.2685839219643458,0.11655459494076209,0.2330345710627401,0.15538954108858055,0.053794428434197884,0.10755441741357234,0.07171824973319103,756,1233,841,3116,73.71311475409836,9.033667579887403e-18,False,True,v1_gru (better F1)
summarized,v1_gru,v3_transformer,5946,0.334510595358224,0.2537840565085772,0.11655459494076209,0.2330345710627401,0.15538954108858055,0.03970541146333654,0.0793854033290653,0.05293489861259339,812,1177,697,3260,122.43383137673426,1.854996747198448e-28,False,True,v1_gru (better F1)
summarized,v1_lstm,v1_transformer,5946,0.4007736293306424,0.25109317188025565,0.17963496637848222,0.3591549295774648,0.23948772678762006,0.03714377201408902,0.07426376440460948,0.04951974386339382,791,1592,702,2861,344.51656495204884,6.6261596271828695e-77,False,True,v1_lstm (better F1)
summarized,v1_lstm,v2_gru,5946,0.4007736293306424,0.27833837874201145,0.17963496637848222,0.3591549295774648,0.23948772678762006,0.06308037143772013,0.12612035851472472,0.08409818569903948,832,1551,823,2740,222.63226621735467,2.411206252619344e-50,False,True,v1_lstm (better F1)
summarized,v1_lstm,v2_lstm,5946,0.4007736293306424,0.2561385805583586,0.17963496637848222,0.3591549295774648,0.23948772678762006,0.041946845981428116,0.08386683738796415,0.055923159018143015,666,1717,857,2706,286.66705516705514,2.64721417167025e-64,False,True,v1_lstm (better F1)
summarized,v1_lstm,v2_transformer,5946,0.4007736293306424,0.2726202489068281,0.17963496637848222,0.3591549295774648,0.23948772678762006,0.05763688760806916,0.11523687580025609,0.0768409818569904,806,1577,815,2748,242.10744147157192,1.3652035541486183e-54,False,True,v1_lstm (better F1)
summarized,v1_lstm,v3_gru,5946,0.4007736293306424,0.25109317188025565,0.17963496637848222,0.3591549295774648,0.23948772678762006,0.03714377201408902,0.07426376440460948,0.04951974386339382,720,1663,773,2790,324.43390804597703,1.5671857655070923e-72,False,True,v1_lstm (better F1)
summarized,v1_lstm,v3_lstm,5946,0.4007736293306424,0.2685839219643458,0.17963496637848222,0.3591549295774648,0.23948772678762006,0.053794428434197884,0.10755441741357234,0.07171824973319103,766,1617,831,2732,251.72589869281046,1.091901027518023e-56,False,True,v1_lstm (better F1)
summarized,v1_lstm,v3_transformer,5946,0.4007736293306424,0.2537840565085772,0.17963496637848222,0.3591549295774648,0.23948772678762006,0.03970541146333654,0.0793854033290653,0.05293489861259339,810,1573,699,2864,335.44410211267603,6.26734409000383e-75,False,True,v1_lstm (better F1)
summarized,v1_transformer,v2_gru,5946,0.25109317188025565,0.27833837874201145,0.03714377201408902,0.07426376440460948,0.04951974386339382,0.06308037143772013,0.12612035851472472,0.08409818569903948,670,823,985,3468,14.336836283185841,0.00015284464574901013,False,True,v2_gru (better F1)
summarized,v1_transformer,v2_lstm,5946,0.25109317188025565,0.2561385805583586,0.03714377201408902,0.07426376440460948,0.04951974386339382,0.041946845981428116,0.08386683738796415,0.055923159018143015,688,805,835,3618,0.5128048780487805,0.4739271602725216,False,False,No significant difference
summarized,v1_transformer,v2_transformer,5946,0.25109317188025565,0.2726202489068281,0.03714377201408902,0.07426376440460948,0.04951974386339382,0.05763688760806916,0.11523687580025609,0.0768409818569904,690,803,931,3522,9.30161476355248,0.0022895196840161973,False,True,v2_transformer (better F1)
summarized,v1_transformer,v3_gru,5946,0.25109317188025565,0.25109317188025565,0.03714377201408902,0.07426376440460948,0.04951974386339382,0.03714377201408902,0.07426376440460948,0.04951974386339382,752,741,741,3712,0.0006747638326585695,0.9792763083941,False,False,No significant difference
summarized,v1_transformer,v3_lstm,5946,0.25109317188025565,0.2685839219643458,0.03714377201408902,0.07426376440460948,0.04951974386339382,0.053794428434197884,0.10755441741357234,0.07171824973319103,714,779,883,3570,6.383273164861612,0.011520078559186674,False,True,v3_lstm (better F1)
summarized,v1_transformer,v3_transformer,5946,0.25109317188025565,0.2537840565085772,0.03714377201408902,0.07426376440460948,0.04951974386339382,0.03970541146333654,0.0793854033290653,0.05293489861259339,714,779,795,3658,0.14294790343074967,0.7053678083702994,False,False,No significant difference
summarized,v2_gru,v2_lstm,5946,0.27833837874201145,0.2561385805583586,0.06308037143772013,0.12612035851472472,0.08409818569903948,0.041946845981428116,0.08386683738796415,0.055923159018143015,1159,496,364,3927,19.954651162790697,7.930081047988247e-06,False,True,v2_gru (better F1)
summarized,v2_gru,v2_transformer,5946,0.27833837874201145,0.2726202489068281,0.06308037143772013,0.12612035851472472,0.08409818569903948,0.05763688760806916,0.11523687580025609,0.0768409818569904,1199,456,422,3869,1.2403189066059226,0.2654096015980466,False,False,No significant difference
summarized,v2_gru,v3_gru,5946,0.27833837874201145,0.25109317188025565,0.06308037143772013,0.12612035851472472,0.08409818569903948,0.03714377201408902,0.07426376440460948,0.04951974386339382,1097,558,396,3895,27.170859538784068,1.8624480504638232e-07,False,True,v2_gru (better F1)
summarized,v2_gru,v3_lstm,5946,0.27833837874201145,0.2685839219643458,0.06308037143772013,0.12612035851472472,0.08409818569903948,0.053794428434197884,0.10755441741357234,0.07171824973319103,1045,610,552,3739,2.796041308089501,0.09449735946408984,False,False,No significant difference
summarized,v2_gru,v3_transformer,5946,0.27833837874201145,0.2537840565085772,0.06308037143772013,0.12612035851472472,0.08409818569903948,0.03970541146333654,0.0793854033290653,0.05293489861259339,961,694,548,3743,16.928341384863124,3.881767478409936e-05,False,True,v2_gru (better F1)
summarized,v2_lstm,v2_transformer,5946,0.2561385805583586,0.2726202489068281,0.041946845981428116,0.08386683738796415,0.055923159018143015,0.05763688760806916,0.11523687580025609,0.0768409818569904,1111,412,510,3913,10.204989154013015,0.0014006121613984854,False,True,v2_transformer (better F1)
summarized,v2_lstm,v3_gru,5946,0.2561385805583586,0.25109317188025565,0.041946845981428116,0.08386683738796415,0.055923159018143015,0.03714377201408902,0.07426376440460948,0.04951974386339382,1055,468,438,3985,0.9282560706401766,0.33531649440320455,False,False,No significant difference
summarized,v2_lstm,v3_lstm,5946,0.2561385805583586,0.2685839219643458,0.041946845981428116,0.08386683738796415,0.055923159018143015,0.053794428434197884,0.10755441741357234,0.07171824973319103,971,552,626,3797,4.523769100169779,0.033427113427629544,False,True,v3_lstm (better F1)
summarized,v2_lstm,v3_transformer,5946,0.2561385805583586,0.2537840565085772,0.041946845981428116,0.08386683738796415,0.055923159018143015,0.03970541146333654,0.0793854033290653,0.05293489861259339,909,614,600,3823,0.13920922570016475,0.709068417801725,False,False,No significant difference
summarized,v2_transformer,v3_gru,5946,0.2726202489068281,0.25109317188025565,0.05763688760806916,0.11523687580025609,0.0768409818569904,0.03714377201408902,0.07426376440460948,0.04951974386339382,1069,552,424,3901,16.52561475409836,4.799727049984967e-05,False,True,v2_transformer (better F1)
summarized,v2_transformer,v3_lstm,5946,0.2726202489068281,0.2685839219643458,0.05763688760806916,0.11523687580025609,0.0768409818569904,0.053794428434197884,0.10755441741357234,0.07171824973319103,1035,586,562,3763,0.460801393728223,0.4972496787712395,False,False,No significant difference
summarized,v2_transformer,v3_transformer,5946,0.2726202489068281,0.2537840565085772,0.05763688760806916,0.11523687580025609,0.0768409818569904,0.03970541146333654,0.0793854033290653,0.05293489861259339,1003,618,506,3819,10.961743772241993,0.0009301224717056588,False,True,v2_transformer (better F1)
summarized,v3_gru,v3_lstm,5946,0.25109317188025565,0.2685839219643458,0.03714377201408902,0.07426376440460948,0.04951974386339382,0.053794428434197884,0.10755441741357234,0.07171824973319103,1199,294,398,4055,15.330924855491329,9.022733117634087e-05,False,True,v3_lstm (better F1)
summarized,v3_gru,v3_transformer,5946,0.25109317188025565,0.2537840565085772,0.03714377201408902,0.07426376440460948,0.04951974386339382,0.03970541146333654,0.0793854033290653,0.05293489861259339,1025,468,484,3969,0.23634453781512604,0.6268588388388538,False,False,No significant difference
summarized,v3_lstm,v3_transformer,5946,0.2685839219643458,0.2537840565085772,0.053794428434197884,0.10755441741357234,0.07171824973319103,0.03970541146333654,0.0793854033290653,0.05293489861259339,991,606,518,3831,6.733985765124555,0.0094592999530605,False,True,v3_lstm (better F1)
vanilla,v1_gru,v1_lstm,6062,0.5270537776311448,0.33833718244803695,0.2910662824207493,0.5819462227912933,0.3880469583778015,0.10790906179955172,0.21574903969270168,0.14386339381003202,1409,1786,642,2225,538.076194398682,4.942580238954443e-119,False,True,v1_gru (better F1)
vanilla,v1_gru,v1_transformer,6062,0.5270537776311448,0.26146486308149125,0.2910662824207493,0.5819462227912933,0.3880469583778015,0.03330131284021774,0.06658130601792574,0.044397011739594455,642,2553,943,1924,740.5266018306636,4.605500038803281e-163,False,True,v1_gru (better F1)
vanilla,v1_gru,v2_gru,6062,0.5270537776311448,0.2700428901352689,0.2910662824207493,0.5819462227912933,0.3880469583778015,0.041626641050272174,0.08322663252240717,0.05549626467449307,745,2450,892,1975,725.3886894075404,9.013749675647372e-160,False,True,v1_gru (better F1)
vanilla,v1_gru,v2_lstm,6062,0.5270537776311448,0.2746618277796107,0.2910662824207493,0.5819462227912933,0.3880469583778015,0.04610951008645533,0.09218950064020487,0.06147278548559231,812,2383,853,2014,722.4477750309023,3.9300373338250845e-159,False,True,v1_gru (better F1)
vanilla,v1_gru,v2_transformer,6062,0.5270537776311448,0.24265918838667105,0.2910662824207493,0.5819462227912933,0.3880469583778015,0.01504963176432917,0.030089628681177975,0.02006403415154749,433,2762,1038,1829,781.2444736842106,6.455211557240747e-172,False,True,v1_gru (better F1)
vanilla,v1_gru,v3_gru,6062,0.5270537776311448,0.30369515011547343,0.2910662824207493,0.5819462227912933,0.3880469583778015,0.07428754402817804,0.14852752880921896,0.09903948772678764,1184,2011,657,2210,686.1353073463268,3.095391602783091e-151,False,True,v1_gru (better F1)
vanilla,v1_gru,v3_lstm,6062,0.5270537776311448,0.2858792477730122,0.2910662824207493,0.5819462227912933,0.3880469583778015,0.056996477745757286,0.11395646606914213,0.0759871931696905,1044,2151,689,2178,751.5919014084507,1.8082787546729265e-165,False,True,v1_gru (better F1)
vanilla,v1_gru,v3_transformer,6062,0.5270537776311448,0.2746618277796107,0.2910662824207493,0.5819462227912933,0.3880469583778015,0.04610951008645533,0.09218950064020487,0.06147278548559231,943,2252,722,2145,786.0931405514459,5.69764951394647e-173,False,True,v1_gru (better F1)
vanilla,v1_lstm,v1_transformer,6062,0.33833718244803695,0.26146486308149125,0.10790906179955172,0.21574903969270168,0.14386339381003202,0.03330131284021774,0.06658130601792574,0.044397011739594455,984,1067,601,3410,129.63129496402877,4.934227157871977e-30,False,True,v1_lstm (better F1)
vanilla,v1_lstm,v2_gru,6062,0.33833718244803695,0.2700428901352689,0.10790906179955172,0.21574903969270168,0.14386339381003202,0.041626641050272174,0.08322663252240717,0.05549626467449307,831,1220,806,3205,84.19002961500493,4.494314649887886e-20,False,True,v1_lstm (better F1)
vanilla,v1_lstm,v2_lstm,6062,0.33833718244803695,0.2746618277796107,0.10790906179955172,0.21574903969270168,0.14386339381003202,0.04610951008645533,0.09218950064020487,0.06147278548559231,898,1153,767,3244,77.20052083333333,1.5445280737325365e-18,False,True,v1_lstm (better F1)
vanilla,v1_lstm,v2_transformer,6062,0.33833718244803695,0.24265918838667105,0.10790906179955172,0.21574903969270168,0.14386339381003202,0.01504963176432917,0.030089628681177975,0.02006403415154749,727,1324,744,3267,162.10880077369438,3.916688408085473e-37,False,True,v1_lstm (better F1)
vanilla,v1_lstm,v3_gru,6062,0.33833718244803695,0.30369515011547343,0.10790906179955172,0.21574903969270168,0.14386339381003202,0.07428754402817804,0.14852752880921896,0.09903948772678764,924,1127,917,3094,21.370352250489237,3.7858040644294937e-06,False,True,v1_lstm (better F1)
vanilla,v1_lstm,v3_lstm,6062,0.33833718244803695,0.2858792477730122,0.10790906179955172,0.21574903969270168,0.14386339381003202,0.056996477745757286,0.11395646606914213,0.0759871931696905,916,1135,817,3194,51.48002049180328,7.232945405040992e-13,False,True,v1_lstm (better F1)
vanilla,v1_lstm,v3_transformer,6062,0.33833718244803695,0.2746618277796107,0.10790906179955172,0.21574903969270168,0.14386339381003202,0.04610951008645533,0.09218950064020487,0.06147278548559231,877,1174,788,3223,75.54791029561672,3.566471970010271e-18,False,True,v1_lstm (better F1)
vanilla,v1_transformer,v2_gru,6062,0.26146486308149125,0.2700428901352689,0.03330131284021774,0.06658130601792574,0.044397011739594455,0.041626641050272174,0.08322663252240717,0.05549626467449307,890,695,747,3730,1.80374479889043,0.17926042546859444,False,False,No significant difference
vanilla,v1_transformer,v2_lstm,6062,0.26146486308149125,0.2746618277796107,0.03330131284021774,0.06658130601792574,0.044397011739594455,0.04610951008645533,0.09218950064020487,0.06147278548559231,903,682,762,3715,4.32202216066482,0.037622188259894905,False,True,v2_lstm (better F1)
vanilla,v1_transformer,v2_transformer,6062,0.26146486308149125,0.24265918838667105,0.03330131284021774,0.06658130601792574,0.044397011739594455,0.01504963176432917,0.030089628681177975,0.02006403415154749,918,667,553,3924,10.466393442622952,0.0012156581605246336,False,True,v1_transformer (better F1)
vanilla,v1_transformer,v3_gru,6062,0.26146486308149125,0.30369515011547343,0.03330131284021774,0.06658130601792574,0.044397011739594455,0.07428754402817804,0.14852752880921896,0.09903948772678764,795,790,1046,3431,35.416666666666664,2.6619925540142502e-09,False,True,v3_gru (better F1)
vanilla,v1_transformer,v3_lstm,6062,0.26146486308149125,0.2858792477730122,0.03330131284021774,0.06658130601792574,0.044397011739594455,0.056996477745757286,0.11395646606914213,0.0759871931696905,805,780,928,3549,12.651639344262295,0.0003752364998274103,False,True,v3_lstm (better F1)
vanilla,v1_transformer,v3_transformer,6062,0.26146486308149125,0.2746618277796107,0.03330131284021774,0.06658130601792574,0.044397011739594455,0.04610951008645533,0.09218950064020487,0.06147278548559231,850,735,815,3662,4.026451612903226,0.044792057495887175,False,True,v3_transformer (better F1)
vanilla,v2_gru,v2_lstm,6062,0.2700428901352689,0.2746618277796107,0.041626641050272174,0.08322663252240717,0.05549626467449307,0.04610951008645533,0.09218950064020487,0.06147278548559231,1232,405,433,3992,0.869928400954654,0.35097513104192324,False,False,No significant difference
vanilla,v2_gru,v2_transformer,6062,0.2700428901352689,0.24265918838667105,0.041626641050272174,0.08322663252240717,0.05549626467449307,0.01504963176432917,0.030089628681177975,0.02006403415154749,1177,460,294,4131,36.10742705570292,1.867337797568646e-09,False,True,v2_gru (better F1)
vanilla,v2_gru,v3_gru,6062,0.2700428901352689,0.30369515011547343,0.041626641050272174,0.08322663252240717,0.05549626467449307,0.07428754402817804,0.14852752880921896,0.09903948772678764,1024,613,817,3608,28.817482517482517,7.952998078239388e-08,False,True,v3_gru (better F1)
vanilla,v2_gru,v3_lstm,6062,0.2700428901352689,0.2858792477730122,0.041626641050272174,0.08322663252240717,0.05549626467449307,0.056996477745757286,0.11395646606914213,0.0759871931696905,966,671,767,3658,6.276077885952712,0.012237865782676778,False,True,v3_lstm (better F1)
vanilla,v2_gru,v3_transformer,6062,0.2700428901352689,0.2746618277796107,0.041626641050272174,0.08322663252240717,0.05549626467449307,0.04610951008645533,0.09218950064020487,0.06147278548559231,1047,590,618,3807,0.6034768211920529,0.4372545277177574,False,False,No significant difference
vanilla,v2_lstm,v2_transformer,6062,0.2746618277796107,0.24265918838667105,0.04610951008645533,0.09218950064020487,0.06147278548559231,0.01504963176432917,0.030089628681177975,0.02006403415154749,1020,645,451,3946,33.98631386861314,5.550109588031898e-09,False,True,v2_lstm (better F1)
vanilla,v2_lstm,v3_gru,6062,0.2746618277796107,0.30369515011547343,0.04610951008645533,0.09218950064020487,0.06147278548559231,0.07428754402817804,0.14852752880921896,0.09903948772678764,1055,610,786,3611,21.937679083094554,2.816493097031604e-06,False,True,v3_gru (better F1)
vanilla,v2_lstm,v3_lstm,6062,0.2746618277796107,0.2858792477730122,0.04610951008645533,0.09218950064020487,0.06147278548559231,0.056996477745757286,0.11395646606914213,0.0759871931696905,1083,582,650,3747,3.643668831168831,0.05628277947518888,False,False,No significant difference
vanilla,v2_lstm,v3_transformer,6062,0.2746618277796107,0.2746618277796107,0.04610951008645533,0.09218950064020487,0.06147278548559231,0.04610951008645533,0.09218950064020487,0.06147278548559231,1042,623,623,3774,0.0008025682182985554,0.9773992447818853,False,False,No significant difference
vanilla,v2_transformer,v3_gru,6062,0.24265918838667105,0.30369515011547343,0.01504963176432917,0.030089628681177975,0.02006403415154749,0.07428754402817804,0.14852752880921896,0.09903948772678764,780,691,1061,3530,77.71746575342466,1.1888543540389213e-18,False,True,v3_gru (better F1)
vanilla,v2_transformer,v3_lstm,6062,0.24265918838667105,0.2858792477730122,0.01504963176432917,0.030089628681177975,0.02006403415154749,0.056996477745757286,0.11395646606914213,0.0759871931696905,780,691,953,3638,41.43613138686131,1.2178549706203162e-10,False,True,v3_lstm (better F1)
vanilla,v2_transformer,v3_transformer,6062,0.24265918838667105,0.2746618277796107,0.01504963176432917,0.030089628681177975,0.02006403415154749,0.04610951008645533,0.09218950064020487,0.06147278548559231,867,604,798,3793,26.568473609129814,2.5436077744004587e-07,False,True,v3_transformer (better F1)
vanilla,v3_gru,v3_lstm,6062,0.30369515011547343,0.2858792477730122,0.07428754402817804,0.14852752880921896,0.09903948772678764,0.056996477745757286,0.11395646606914213,0.0759871931696905,1291,550,442,3779,11.54133064516129,0.000680659059698144,False,True,v3_gru (better F1)
vanilla,v3_gru,v3_transformer,6062,0.30369515011547343,0.2746618277796107,0.07428754402817804,0.14852752880921896,0.09903948772678764,0.04610951008645533,0.09218950064020487,0.06147278548559231,1304,537,361,3860,34.10356347438753,5.2255483265126365e-09,False,True,v3_gru (better F1)
vanilla,v3_lstm,v3_transformer,6062,0.2858792477730122,0.2746618277796107,0.056996477745757286,0.11395646606914213,0.0759871931696905,0.04610951008645533,0.09218950064020487,0.06147278548559231,1180,553,485,3844,4.32466281310212,0.03756385588651655,False,True,v3_lstm (better F1)
